,model__gamma,model__learning_rate,model__max_depth,model__n_estimators,model__objective,score,train_score,train_test_diff
0,0.437000966577137,0.3856864643131005,3,593,count:poisson,-0.006824882904346384,-0.006310567570015024,0.0005143153343313599
1,0.5223454701724685,0.32740765357983753,7,76,count:poisson,-0.006920694224704702,-0.0042014562998875515,0.00271923792481715
2,4.038477523396191e-05,0.44519344178842973,6,202,count:poisson,-0.007647527580599351,0.0023193606854094995,0.00996688826600885
3,3.86193993999667e-06,0.06302072196629385,7,453,count:poisson,-0.007007430691875611,-0.003020546681518299,0.003986884010357312
4,2.509932302574273e-05,0.37361981961495594,5,729,count:poisson,-0.008158496964323804,0.0048099779074540034,0.012968474871777807
5,8.209636390838188e-06,0.3189145264303813,2,140,count:poisson,-0.006825018621278911,-0.006661498500466194,0.00016352012081271693
6,3.955513379558168e-08,0.04113000942801277,4,36,count:poisson,-4.785113885678308,-4.7848663592852,0.00024752639310854363
7,12.600630624585662,0.4983517594000946,4,579,count:poisson,-0.00732561240227259,-0.007250073971238373,7.5538431034217e-05
8,2.0321831501123664e-06,0.4439304476578025,3,38,count:poisson,-0.0069956777885472375,-0.0068521054557485845,0.00014357233279865302
9,1.1628749163020086e-05,0.13751165098408502,7,908,count:poisson,-0.008892885893553618,0.010464299019597037,0.019357184913150655
