,model__gamma,model__learning_rate,model__max_depth,model__n_estimators,model__objective,score,train_score,train_test_diff
0,0.004238627756068399,0.012166503434749149,3,144,count:poisson,-3.6124768377964207,-3.61229320503163,0.00018363276479060886
1,1.7877788932834263e-08,0.20432368386647362,3,181,count:poisson,-0.006851008781087601,-0.006430837085563616,0.0004201716955239852
2,1.8832676989769476e-06,0.4015374066133705,7,338,count:poisson,-0.009164703986788831,0.012965679042514186,0.022130383029303015
3,3.265045708524213e-08,0.28681938265235507,3,93,count:poisson,-0.0068807134149104915,-0.006587710665634609,0.00029300274927588233
4,0.27977967466578585,0.29998356345126487,5,979,count:poisson,-0.006913524735644131,-0.00420954615228412,0.0027039785833600114
5,6.3464843076630295e-06,0.2563341518996265,6,205,count:poisson,-0.007152547410991882,-0.0016930655244179842,0.005459481886573897
6,9.531815880973612e-07,0.1188473352003102,5,79,count:poisson,-0.0012636698838352184,-0.0008606359718008605,0.0004030339120343579
7,8.708244371592776e-08,0.394375942948031,4,252,count:poisson,-0.007010636457458054,-0.0042197720731485715,0.0027908643843094823
8,131.02638105457783,0.25688095003320854,3,215,count:poisson,-0.0081023697283326,-0.008098851808277852,3.5179200547491574e-06
9,2.9092511246705142e-05,0.3372453883896568,2,53,count:poisson,-0.007238199297903048,-0.007173954174696684,6.424512320636448e-05
