,model__gamma,model__learning_rate,model__max_depth,model__n_estimators,model__objective,score,train_score,train_test_diff
0,0.03250009909049239,0.055935787793021566,6,544,count:poisson,-0.006901433997118166,-0.004367660444397033,0.002533773552721133
1,4.6989871984538874e-08,0.33147449457270517,6,818,count:poisson,-0.009308217993741777,0.012258887502931507,0.021567105496673282
2,0.07981041880612602,0.11408998097558477,7,987,count:poisson,-0.008330729848611345,0.00738189040593414,0.015712620254545485
3,1.2318492245172156e-08,0.23275734070071502,3,674,count:poisson,-0.006909627726631187,-0.005292573246108878,0.0016170544805223092
4,0.0001674329439526903,0.3856883615294017,5,972,count:poisson,-0.008616345479407475,0.007337806204490908,0.015954151683898382
5,0.9578018372297891,0.32093847219034266,2,298,count:poisson,-0.006940552645223129,-0.006827151877971967,0.00011340076725116239
6,1.877529795300085e-07,0.052188765729290286,6,437,count:poisson,-0.006847144207057635,-0.005175996362997444,0.001671147844060191
7,0.1155068208129386,0.08539992347584224,5,627,count:poisson,-0.00695441094622317,-0.004243777352192464,0.002710633594030706
8,0.01437765037271311,0.4645295922821112,6,731,count:poisson,-0.009981591968318809,0.014677137752116987,0.024658729720435795
9,4.515495621843761e-07,0.3708191014640467,6,308,count:poisson,-0.007933637765095623,0.00427693310027714,0.012210570865372763
